id,name,description,assignedto,duedate,status
1,Noel,Doing Project,Bruce,2021-08-23,pending
3,Fa jer,Adv. shooting,Jer Lai,2021-08-25,pending
4,Fa jer,Adv. shooting,Jer Lai,2021-08-25,pending
5,fweewfwf,fewfef,fefw,2021-08-26,fewfe
6,aaaaaa,aaaaaa,aaaaaa,2021-08-25,aaaaaa
7,aaaaaa,aaaaaa,aaaaaa,2021-08-25,aaaaaa
8,aaaaaa,aaaaaa,aaaaaa,2021-08-26,aaaaaa
9,aaaa,aaaa,aaaa,2021-08-25,aaaaaaaa
11,aaa,aaa,aaa,2021-08-26,aaa‚ç™aaa
12,Ben,NANANA,aaa,2021-02-02,pending
13,Ben,Learning HTML,Class-C02,2021-07-01,confirmed
